id,url,upload_date,upload_hour_vn,weekday_vn,duration_sec,views,likes,comments,shares,saves,engagement_rate_pct,caption,hashtags,music_title,music_author,is_original_sound,is_tiktokshop,is_ad
7631887715935522056,https://www.tiktok.com/@MS4wLjABAAAA_52_JEA1KPQ71lNZntEv-tEOsB0XqpxHM5vIKEaIWnlprRHfVmGM4wgKJekokHuP/video/7631887715935522056,2026-04-23,23,Thu,13,265,0,0,0,0,0.0,review hạt dinh dưỡng ... #doanvat #hatdinhduong #xuhuong #doandem #fyp,doanvat hatdinhduong xuhuong doandem fyp,original sound - huy19842021,Huy Hoàng ♥️,True,False,False
7631880775209651463,https://www.tiktok.com/@MS4wLjABAAAA_52_JEA1KPQ71lNZntEv-tEOsB0XqpxHM5vIKEaIWnlprRHfVmGM4wgKJekokHuP/video/7631880775209651463,2026-04-23,17,Thu,13,13,3,3,1,1,61.54,Que cay brand nào đỉnh nhất team #anvat #quecay #quecayhangdai #d...,anvat quecay quecayhangdai d,original sound - phuongsut_2000,Quách Thu Phương,True,False,False
7631878127043562770,https://www.tiktok.com/@MS4wLjABAAAA_52_JEA1KPQ71lNZntEv-tEOsB0XqpxHM5vIKEaIWnlprRHfVmGM4wgKJekokHuP/video/7631878127043562770,2026-04-23,16,Thu,12,329,5,0,0,0,1.52,Mời các nàng đoán chữ #taphoapelpel #doanvat #hatdinhduong #fyp #xuhu...,taphoapelpel doanvat hatdinhduong fyp xuhu,original sound - canquetsaigon0201,Dính Food 2,True,False,False
7631588829882862856,https://www.tiktok.com/@MS4wLjABAAAA_52_JEA1KPQ71lNZntEv-tEOsB0XqpxHM5vIKEaIWnlprRHfVmGM4wgKJekokHuP/video/7631588829882862856,2026-04-22,22,Wed,12,11,1,0,0,0,9.09,Review que cay bò — món tủ của dân nghiện cay #quecaybo #quecay #revi...,quecaybo quecay revi,Tinh Vệ,𝙀𝙄,True,False,False
7631588552391888135,https://www.tiktok.com/@MS4wLjABAAAA_52_JEA1KPQ71lNZntEv-tEOsB0XqpxHM5vIKEaIWnlprRHfVmGM4wgKJekokHuP/video/7631588552391888135,2026-04-22,21,Wed,15,333,6,0,0,0,1.8,"Kẹo dẻo sữa chua hoa quả — ngọt thanh, dai mềm ♡ #keodeo #keodeosuach...",keodeo keodeosuach,original sound - sandealhoi28,Bé Xoài Review 28,True,False,False
7631587938286963976,https://www.tiktok.com/@MS4wLjABAAAA_52_JEA1KPQ71lNZntEv-tEOsB0XqpxHM5vIKEaIWnlprRHfVmGM4wgKJekokHuP/video/7631587938286963976,2026-04-22,21,Wed,13,335,4,0,0,0,1.19,Review kẹo dẻo sữa chua hoa quả — trend hot tháng này #keodeo #keodeo...,keodeo keodeo,Ngọt Ngọt Thơm Thơm,Nguyễn Trần Trung Quân & Nguyễn Thương,False,False,False
7631573258613132552,https://www.tiktok.com/@MS4wLjABAAAA_52_JEA1KPQ71lNZntEv-tEOsB0XqpxHM5vIKEaIWnlprRHfVmGM4wgKJekokHuP/video/7631573258613132552,2026-04-22,20,Wed,13,224,2,1,0,0,1.34,"Kẹo Deku sữa — béo thơm, tan trong miệng ♡ #keodekusua #keosua #keong...",keodekusua keosua keong,Say Bye Remix,HMusiC,True,False,False
7631535795819564295,https://www.tiktok.com/@MS4wLjABAAAA_52_JEA1KPQ71lNZntEv-tEOsB0XqpxHM5vIKEaIWnlprRHfVmGM4wgKJekokHuP/video/7631535795819564295,2026-04-22,17,Wed,15,363,4,1,0,0,1.38,ông chúa nào chưa biết bánh quy 8 vị này? 🧸✨ #banhquylss #anvat #mlem...,banhquylss anvat mlem,original sound - vuanh_music,𝐕𝐮𝐀𝐧𝐡 𝐌𝐮𝐬𝐢𝐜🎶,True,False,False
7631518164265733383,https://www.tiktok.com/@MS4wLjABAAAA_52_JEA1KPQ71lNZntEv-tEOsB0XqpxHM5vIKEaIWnlprRHfVmGM4wgKJekokHuP/video/7631518164265733383,2026-04-22,16,Wed,13,334,4,1,0,0,1.5,Review kẹo Deku sữa viral — công chúa thử chưa? #keodekusua #keosua #...,keodekusua keosua,original sound - tap_hoa_pel_pel,tap_hoa_pel_pel,True,False,False
7631485505057688850,https://www.tiktok.com/@MS4wLjABAAAA_52_JEA1KPQ71lNZntEv-tEOsB0XqpxHM5vIKEaIWnlprRHfVmGM4wgKJekokHuP/video/7631485505057688850,2026-04-22,14,Wed,13,6,1,0,0,0,16.67,"Que cay bò mới về — vị đậm, cay vừa, giòn tan #quecaybo #quecay #revi...",quecaybo quecay revi,original sound - tap_hoa_pel_pel,tap_hoa_pel_pel,True,False,False
7631485123757640978,https://www.tiktok.com/@MS4wLjABAAAA_52_JEA1KPQ71lNZntEv-tEOsB0XqpxHM5vIKEaIWnlprRHfVmGM4wgKJekokHuP/video/7631485123757640978,2026-04-22,14,Wed,14,7,1,0,0,0,14.29,Snack bạch tuộc siêu giòn — review cho công chúa nghiện đồ cay #snack...,snack,original sound - tap_hoa_pel_pel,tap_hoa_pel_pel,True,False,False
7631484860065959176,https://www.tiktok.com/@MS4wLjABAAAA_52_JEA1KPQ71lNZntEv-tEOsB0XqpxHM5vIKEaIWnlprRHfVmGM4wgKJekokHuP/video/7631484860065959176,2026-04-22,14,Wed,12,260,3,0,0,0,1.15,Review snack bạch tuộc giòn cay — em mới nhập batch fresh ♡ #snackbac...,snackbac,original sound - tap_hoa_pel_pel,tap_hoa_pel_pel,True,False,False
7631133418083896596,https://www.tiktok.com/@MS4wLjABAAAA_52_JEA1KPQ71lNZntEv-tEOsB0XqpxHM5vIKEaIWnlprRHfVmGM4wgKJekokHuP/video/7631133418083896596,2026-04-21,15,Tue,18,8,1,0,0,0,12.5,Đoán món healthy 2 từ bắt đầu chữ H nào thiên thần ơi 🌰 Giòn bùi dinh...,,original sound - tap_hoa_pel_pel,tap_hoa_pel_pel,True,False,False
7631132145104211207,https://www.tiktok.com/@MS4wLjABAAAA_52_JEA1KPQ71lNZntEv-tEOsB0XqpxHM5vIKEaIWnlprRHfVmGM4wgKJekokHuP/video/7631132145104211207,2026-04-21,15,Tue,17,4,1,0,0,0,25.0,Vua tiếng Việt sắp xếp chữ nè tiểu thư kiều diễm ơi 🥛 UKDE AỮS là món...,,original sound - tap_hoa_pel_pel,tap_hoa_pel_pel,True,False,False
7631130862251281682,https://www.tiktok.com/@MS4wLjABAAAA_52_JEA1KPQ71lNZntEv-tEOsB0XqpxHM5vIKEaIWnlprRHfVmGM4wgKJekokHuP/video/7631130862251281682,2026-04-21,15,Tue,16,7,1,0,0,0,14.29,Đoán món 4 từ bắt đầu chữ K nào người đáng yêu ơi 🍬 Vị chua ngọt mềm ...,,original sound - tap_hoa_pel_pel,tap_hoa_pel_pel,True,False,False
7631129567251402002,https://www.tiktok.com/@MS4wLjABAAAA_52_JEA1KPQ71lNZntEv-tEOsB0XqpxHM5vIKEaIWnlprRHfVmGM4wgKJekokHuP/video/7631129567251402002,2026-04-21,15,Tue,17,2,0,0,0,0,0.0,Vua tiếng Việt điền chữ còn thiếu nè 🌶️ Q_E C_Y B_ là gì đây các nàng...,,original sound - tap_hoa_pel_pel,tap_hoa_pel_pel,True,False,False
7631128015954545927,https://www.tiktok.com/@MS4wLjABAAAA_52_JEA1KPQ71lNZntEv-tEOsB0XqpxHM5vIKEaIWnlprRHfVmGM4wgKJekokHuP/video/7631128015954545927,2026-04-21,15,Tue,18,329,5,0,0,0,1.52,"Đoán xem món gì đây nào công chúa ơi 🐙 3 từ, hải sản 8 chân, bắt đầu ...",,original sound - tap_hoa_pel_pel,tap_hoa_pel_pel,True,False,False
7631077014035975444,https://www.tiktok.com/@MS4wLjABAAAA_52_JEA1KPQ71lNZntEv-tEOsB0XqpxHM5vIKEaIWnlprRHfVmGM4wgKJekokHuP/video/7631077014035975444,2026-04-21,12,Tue,15,5,0,0,0,0,0.0,Ai đoán được đầu tiên tui chốt đơn miễn phí gửi về luôn 🤝            ...,,original sound - tap_hoa_pel_pel,tap_hoa_pel_pel,True,False,False
7630844781819727125,https://www.tiktok.com/@MS4wLjABAAAA_52_JEA1KPQ71lNZntEv-tEOsB0XqpxHM5vIKEaIWnlprRHfVmGM4wgKJekokHuP/video/7630844781819727125,2026-04-20,21,Mon,17,376,3,0,0,0,0.8,#taphoapelpel #quecaybo #snackcay #fyp #xuhuong,taphoapelpel quecaybo snackcay fyp xuhuong,original sound - tap_hoa_pel_pel,tap_hoa_pel_pel,True,False,False
7630838295378988309,https://www.tiktok.com/@MS4wLjABAAAA_52_JEA1KPQ71lNZntEv-tEOsB0XqpxHM5vIKEaIWnlprRHfVmGM4wgKJekokHuP/video/7630838295378988309,2026-04-20,20,Mon,15,357,2,0,0,0,0.56,#taphoapelpel #quecaybo #snackcay #fyp #xuhuong,taphoapelpel quecaybo snackcay fyp xuhuong,original sound - tap_hoa_pel_pel,tap_hoa_pel_pel,True,False,False
7630838083524562197,https://www.tiktok.com/@MS4wLjABAAAA_52_JEA1KPQ71lNZntEv-tEOsB0XqpxHM5vIKEaIWnlprRHfVmGM4wgKJekokHuP/video/7630838083524562197,2026-04-20,20,Mon,15,350,1,0,0,0,0.29,#taphoapelpel #quecaybo #snackcay #fyp #xuhuong,taphoapelpel quecaybo snackcay fyp xuhuong,original sound - tap_hoa_pel_pel,tap_hoa_pel_pel,True,False,False
7630802007355297045,https://www.tiktok.com/@MS4wLjABAAAA_52_JEA1KPQ71lNZntEv-tEOsB0XqpxHM5vIKEaIWnlprRHfVmGM4wgKJekokHuP/video/7630802007355297045,2026-04-20,18,Mon,13,329,3,1,0,0,1.22,#taphoapelpel #quecaybo #snackcay #fyp #xuhuong,taphoapelpel quecaybo snackcay fyp xuhuong,original sound - tap_hoa_pel_pel,tap_hoa_pel_pel,True,False,False
7630744549475962119,https://www.tiktok.com/@MS4wLjABAAAA_52_JEA1KPQ71lNZntEv-tEOsB0XqpxHM5vIKEaIWnlprRHfVmGM4wgKJekokHuP/video/7630744549475962119,2026-04-20,14,Mon,16,4,0,0,0,0,0.0,Đang diet mà vẫn thèm crunch giòn rụm? Rong biển cháy tỏi calo thấp -...,,original sound - tap_hoa_pel_pel,tap_hoa_pel_pel,True,False,False
7630741977172036872,https://www.tiktok.com/@MS4wLjABAAAA_52_JEA1KPQ71lNZntEv-tEOsB0XqpxHM5vIKEaIWnlprRHfVmGM4wgKJekokHuP/video/7630741977172036872,2026-04-20,14,Mon,15,2,1,0,1,0,100.0,"OT 9h tối đói meo người, mở hộp này ra là sống lại! Mực rim me Đà Nẵn...",,original sound - tap_hoa_pel_pel,tap_hoa_pel_pel,True,False,False
7630739405791087879,https://www.tiktok.com/@MS4wLjABAAAA_52_JEA1KPQ71lNZntEv-tEOsB0XqpxHM5vIKEaIWnlprRHfVmGM4wgKJekokHuP/video/7630739405791087879,2026-04-20,14,Mon,17,282,2,0,0,0,0.71,Tới tháng cáu kỉnh? Cứu cánh đây - kẹo dẻo sữa chua hoa quả chua chua...,,original sound - tap_hoa_pel_pel,tap_hoa_pel_pel,True,False,False
7630736843146906898,https://www.tiktok.com/@MS4wLjABAAAA_52_JEA1KPQ71lNZntEv-tEOsB0XqpxHM5vIKEaIWnlprRHfVmGM4wgKJekokHuP/video/7630736843146906898,2026-04-20,14,Mon,16,173,1,0,0,0,0.58,Ai còn nhớ vị kẹo sữa hồi cấp hai không? Kẹo Deku sữa béo ngậy gói nh...,,original sound - tap_hoa_pel_pel,tap_hoa_pel_pel,True,False,False
7630734234004638984,https://www.tiktok.com/@MS4wLjABAAAA_52_JEA1KPQ71lNZntEv-tEOsB0XqpxHM5vIKEaIWnlprRHfVmGM4wgKJekokHuP/video/7630734234004638984,2026-04-20,14,Mon,17,331,3,0,0,0,0.91,"Hộp hạt aesthetic chill cuối tuần - hạt Ganyuan giòn tan vị nhẹ, ăn c...",,original sound - tap_hoa_pel_pel,tap_hoa_pel_pel,True,False,False
7630731661394627847,https://www.tiktok.com/@MS4wLjABAAAA_52_JEA1KPQ71lNZntEv-tEOsB0XqpxHM5vIKEaIWnlprRHfVmGM4wgKJekokHuP/video/7630731661394627847,2026-04-20,13,Mon,15,327,2,1,0,1,1.22,Đố bạn nhìn em này cute hay nhìn ghê - snack bạch tuộc cay xè giòn rụ...,,original sound - tap_hoa_pel_pel,tap_hoa_pel_pel,True,False,False
7630413308746566932,https://www.tiktok.com/@MS4wLjABAAAA_52_JEA1KPQ71lNZntEv-tEOsB0XqpxHM5vIKEaIWnlprRHfVmGM4wgKJekokHuP/video/7630413308746566932,2026-04-19,17,Sun,21,142,1,0,0,0,0.7,#reviewdoanvat #doanvatngon #hatdinhduong #ancungtiktok #fyp,reviewdoanvat doanvatngon hatdinhduong ancungtiktok fyp,original sound - tap_hoa_pel_pel,tap_hoa_pel_pel,True,False,False
7630323776290409748,https://www.tiktok.com/@MS4wLjABAAAA_52_JEA1KPQ71lNZntEv-tEOsB0XqpxHM5vIKEaIWnlprRHfVmGM4wgKJekokHuP/video/7630323776290409748,2026-04-19,11,Sun,8,2,1,1,0,0,100.0,#reviewdoanvat #doanvatngon #hatdinhduong #ancungtiktok #fyp,reviewdoanvat doanvatngon hatdinhduong ancungtiktok fyp,QKThr,Aphex Twin,False,False,False
7630283903642766613,https://www.tiktok.com/@MS4wLjABAAAA_52_JEA1KPQ71lNZntEv-tEOsB0XqpxHM5vIKEaIWnlprRHfVmGM4wgKJekokHuP/video/7630283903642766613,2026-04-19,8,Sun,32,178,2,1,0,0,1.69,#reviewdoanvat #doanvatngon #keosua#keosungtiktok #fyp,reviewdoanvat doanvatngon keosua keosungtiktok fyp,original sound - tap_hoa_pel_pel,tap_hoa_pel_pel,True,False,False
7630257994827140372,https://www.tiktok.com/@MS4wLjABAAAA_52_JEA1KPQ71lNZntEv-tEOsB0XqpxHM5vIKEaIWnlprRHfVmGM4wgKJekokHuP/video/7630257994827140372,2026-04-19,7,Sun,14,111,1,1,0,0,1.8,#reviewdoanvat #doanvatngon #keosua#keosungtiktok #fyp,reviewdoanvat doanvatngon keosua keosungtiktok fyp,original sound - tap_hoa_pel_pel,tap_hoa_pel_pel,True,False,False
7630111331445656850,https://www.tiktok.com/@MS4wLjABAAAA_52_JEA1KPQ71lNZntEv-tEOsB0XqpxHM5vIKEaIWnlprRHfVmGM4wgKJekokHuP/video/7630111331445656850,2026-04-18,21,Sat,11,162,2,2,0,0,2.47,Ngày xưa có đứa bảo sẽ ở bên mình mãi mãi... Cuối cùng chỉ có snack b...,,original sound - aris29080,𝘼𝙧𝙞𝙨 𝙈𝙪𝙨𝙞𝙘,True,False,False
7630110983721209096,https://www.tiktok.com/@MS4wLjABAAAA_52_JEA1KPQ71lNZntEv-tEOsB0XqpxHM5vIKEaIWnlprRHfVmGM4wgKJekokHuP/video/7630110983721209096,2026-04-18,21,Sat,13,352,5,4,0,1,2.84,"Anh ơi, em thèm cái này! Snack bạch tuộc giòn rụm cay nồng 🔥 Nếu anh ...",,original sound - doyan.makan7,ASMR🔥,True,False,False
7630110352369306887,https://www.tiktok.com/@MS4wLjABAAAA_52_JEA1KPQ71lNZntEv-tEOsB0XqpxHM5vIKEaIWnlprRHfVmGM4wgKJekokHuP/video/7630110352369306887,2026-04-18,21,Sat,14,155,4,2,0,0,3.87,"Ê hội bạn thân ơi, cuối tuần mình ăn cái này nha! Kẹo sữa chua hoa qu...",,星茶会,灰澈,False,False,False
7630110063163690248,https://www.tiktok.com/@MS4wLjABAAAA_52_JEA1KPQ71lNZntEv-tEOsB0XqpxHM5vIKEaIWnlprRHfVmGM4wgKJekokHuP/video/7630110063163690248,2026-04-18,21,Sat,15,365,1,1,0,0,0.55,"Ngày thứ 3 giảm cân, não bảo đừng ăn ngọt! Nhưng kẹo sữa chua hoa quả...",,i want it i got it,Official Sound Studio,False,False,False
7630109836549606664,https://www.tiktok.com/@MS4wLjABAAAA_52_JEA1KPQ71lNZntEv-tEOsB0XqpxHM5vIKEaIWnlprRHfVmGM4wgKJekokHuP/video/7630109836549606664,2026-04-18,21,Sat,14,260,0,0,0,0,0.0,"Ê hội bạn thân ơi, cuối tuần mình ăn cái này nha! Kẹo sữa chua hoa qu...",,星茶会,灰澈,False,False,False
7630060246563704085,https://www.tiktok.com/@MS4wLjABAAAA_52_JEA1KPQ71lNZntEv-tEOsB0XqpxHM5vIKEaIWnlprRHfVmGM4wgKJekokHuP/video/7630060246563704085,2026-04-18,18,Sat,28,370,3,1,1,0,1.35,#reviewdoanvat #doanvatngon #banhkeo #ancungtiktok #fyp,reviewdoanvat doanvatngon banhkeo ancungtiktok fyp,original sound - tap_hoa_pel_pel,tap_hoa_pel_pel,True,False,False
7629994124162206997,https://www.tiktok.com/@MS4wLjABAAAA_52_JEA1KPQ71lNZntEv-tEOsB0XqpxHM5vIKEaIWnlprRHfVmGM4wgKJekokHuP/video/7629994124162206997,2026-04-18,14,Sat,15,336,1,1,0,0,0.6,#reviewdoanvat #doanvatngon #hatmixdinhduong #ancungtiktok #fyp,reviewdoanvat doanvatngon hatmixdinhduong ancungtiktok fyp,original sound - tap_hoa_pel_pel,tap_hoa_pel_pel,True,False,False
7629952049135930632,https://www.tiktok.com/@MS4wLjABAAAA_52_JEA1KPQ71lNZntEv-tEOsB0XqpxHM5vIKEaIWnlprRHfVmGM4wgKJekokHuP/video/7629952049135930632,2026-04-18,11,Sat,13,9,2,1,0,0,33.33,Ngày thứ 3 giảm cân... não bảo ĐỪNG ĂN! Nhưng tay đã mở gói snack bạc...,,original sound - tap_hoa_pel_pel,tap_hoa_pel_pel,True,False,False
7629931620878863624,https://www.tiktok.com/@MS4wLjABAAAA_52_JEA1KPQ71lNZntEv-tEOsB0XqpxHM5vIKEaIWnlprRHfVmGM4wgKJekokHuP/video/7629931620878863624,2026-04-18,10,Sat,10,391,5,1,15,0,5.37,snack-bach-tuoc-v5-flash-tiktok #reviewdoanvat #doanvatngon #snackcay...,reviewdoanvat doanvatngon snackcay,星茶会,灰澈,False,False,False
7629739049225309461,https://www.tiktok.com/@MS4wLjABAAAA_52_JEA1KPQ71lNZntEv-tEOsB0XqpxHM5vIKEaIWnlprRHfVmGM4wgKJekokHuP/video/7629739049225309461,2026-04-17,21,Fri,17,359,3,1,0,1,1.39,#reviewdoanvat #doanvatngon #snackcay #ancungtiktok #fyp,reviewdoanvat doanvatngon snackcay ancungtiktok fyp,original sound - tap_hoa_pel_pel,tap_hoa_pel_pel,True,False,False
7629676061495774484,https://www.tiktok.com/@MS4wLjABAAAA_52_JEA1KPQ71lNZntEv-tEOsB0XqpxHM5vIKEaIWnlprRHfVmGM4wgKJekokHuP/video/7629676061495774484,2026-04-17,17,Fri,14,308,5,1,0,1,2.27,#reviewdoanvat #doanvatngon #snackcay #ancungtiktok #fyp,reviewdoanvat doanvatngon snackcay ancungtiktok fyp,original sound - phuonglytran,Phương Ly Trần,True,False,False
7629674407580929300,https://www.tiktok.com/@MS4wLjABAAAA_52_JEA1KPQ71lNZntEv-tEOsB0XqpxHM5vIKEaIWnlprRHfVmGM4wgKJekokHuP/video/7629674407580929300,2026-04-17,17,Fri,31,281,4,1,0,2,2.49,#reviewdoanvat #doanvatngon #snackcay #ancungtiktok #fyp,reviewdoanvat doanvatngon snackcay ancungtiktok fyp,original sound - tap_hoa_pel_pel,tap_hoa_pel_pel,True,False,False
7629673440882019605,https://www.tiktok.com/@MS4wLjABAAAA_52_JEA1KPQ71lNZntEv-tEOsB0XqpxHM5vIKEaIWnlprRHfVmGM4wgKJekokHuP/video/7629673440882019605,2026-04-17,17,Fri,15,283,5,1,11,0,6.01,"""Ai mới xây kênh giống tui? Follow chéo đi! Comment tên kênh bạn, tui...",,QKThr,Aphex Twin,False,False,False
7629673186451262741,https://www.tiktok.com/@MS4wLjABAAAA_52_JEA1KPQ71lNZntEv-tEOsB0XqpxHM5vIKEaIWnlprRHfVmGM4wgKJekokHuP/video/7629673186451262741,2026-04-17,17,Fri,17,137,9,2,0,1,8.76,"""Ai mới xây kênh giống tui? Follow chéo đi! Comment tên kênh bạn, tui...",,original sound - tap_hoa_pel_pel,tap_hoa_pel_pel,True,False,False
7629650972293254421,https://www.tiktok.com/@MS4wLjABAAAA_52_JEA1KPQ71lNZntEv-tEOsB0XqpxHM5vIKEaIWnlprRHfVmGM4wgKJekokHuP/video/7629650972293254421,2026-04-17,16,Fri,31,253,6,1,0,2,3.56,#reviewdoanvat #doanvatngon #snackcay #ancungtiktok #fyp,reviewdoanvat doanvatngon snackcay ancungtiktok fyp,original sound - tap_hoa_pel_pel,tap_hoa_pel_pel,True,False,False
